{
  "elapsed": 0.045007944107055664,
  "acc": 86.77685950413223,
  "val_acc": 88.52459016393442,
  "roc_auc": 0.947198275862069,
  "timestamp": "10-30-2024, 19:49:32"
}