{"elapsed": 2.658114433288574, "acc": 86.77685950413223, "val_acc": 88.52459016393442, "roc_auc": 0.947198275862069, "timestamp": "10-30-2024, 23:15:02"}